nome,classe,homogeonidade_1,distancia_1,entropia_1,momentos_hu_1,homogeonidade_2,distancia_2,entropia_2,momentos_hu_2,homogeonidade_4,distancia_4,entropia_4,momentos_hu_4,homogeonidade_8,distancia_8,entropia_8,momentos_hu_8
ROI_08_5.jpg,saudavel,0.0672154790470238,1.0,13.0972052967237,"[0.04669318533300235, 0.0014148694145663528, 1.7394427466529438e-05, 1.9452645495440474e-05, 3.578269756031137e-10, 7.317063963748838e-07, 0.0]",0.0845337443144886,2.0,13.722808754493194,"[0.03244896040800202, 0.0003852220680645603, 6.397232872312379e-06, 6.99346825676174e-06, 4.6777282924541025e-11, 1.3726132509638035e-07, 0.0]",0.0540713696340469,4.0,15.06782092215434,"[0.02229671853805672, 8.358637320704e-05, 1.2989584240857722e-06, 2.111693235109113e-06, 3.4973884250039867e-12, 1.9306278622043775e-08, 0.0]",0.0268307293424341,8.0,15.404390898329169,"[0.021577020308951856, 2.533083799510815e-05, 6.475395367823238e-09, 1.048777674814567e-06, -8.642876277803425e-14, 5.27847188504895e-09, 0.0]"
ROI_54_0.jpg,esteatose,0.14089276688313904,1.0,12.614408019660745,"[0.006593481783803258, 2.314509298855545e-05, 1.58082680356743e-09, 1.6028990528985602e-09, 2.5515342590523207e-18, 7.711442724312054e-12, 0.0]",0.1289510273177957,2.0,13.347232228136258,"[0.006076091483550692, 8.22306117904675e-06, 1.100151571866087e-10, 3.7294407273309965e-10, 7.554258216819836e-20, 1.0694499633318745e-12, 0.0]",0.08343169413640394,4.0,14.762838677081396,"[0.0037747863993173557, 7.294069141898108e-07, 2.4120133783690675e-10, 3.402952011269298e-11, 3.0830004859176074e-21, 2.906302145834868e-14, 0.0]",0.06886378019604832,8.0,15.156709523045429,"[0.003513522779721364, 7.36042225236907e-11, 5.1291330797799755e-11, 6.768427784949184e-11, -3.987986533196939e-21, 5.806830702785818e-16, 0.0]"
