nome,classe,homogeonidade_1,distancia_1,entropia_1,momentos_hu_1,homogeonidade_2,distancia_2,entropia_2,momentos_hu_2,homogeonidade_4,distancia_4,entropia_4,momentos_hu_4,homogeonidade_8,distancia_8,entropia_8,momentos_hu_8
ROI_08_5.jpg,saudavel,0.06721547904702381,1.0,13.0972052967237,"[0.04669318533300235, 0.0014148694145663528, 1.7394427466529438e-05, 1.9452645495440474e-05, 3.578269756031137e-10, 7.317063963748838e-07, 0.0]",0.08453374431448868,2.0,13.722808754493194,"[0.03244896040800202, 0.0003852220680645603, 6.397232872312379e-06, 6.99346825676174e-06, 4.6777282924541025e-11, 1.3726132509638035e-07, 0.0]",0.05407136963404699,4.0,15.06782092215434,"[0.02229671853805672, 8.358637320704e-05, 1.2989584240857722e-06, 2.111693235109113e-06, 3.4973884250039867e-12, 1.9306278622043775e-08, 0.0]",0.026830729342434127,8.0,15.404390898329169,"[0.021577020308951856, 2.533083799510815e-05, 6.475395367823238e-09, 1.048777674814567e-06, -8.642876277803425e-14, 5.27847188504895e-09, 0.0]"
